"site_code","name","parent_trust","trust_is_prefix","parent_from_ods","status","is_hospital_site","record_class","primary_role","predecessor","found"
"RA001","RA0","RA0",TRUE,TRUE,"Active",TRUE,"RC2","RO198",NA,TRUE
"RA010","RA0","RA0",TRUE,TRUE,"Active",TRUE,"RC2","RO198",NA,TRUE
"RA102","RA1","RA1",TRUE,TRUE,"Active",TRUE,"RC2","RO198",NA,TRUE
"RA103","RA1","RA1",TRUE,TRUE,"Active",TRUE,"RC2","RO198",NA,TRUE
"RA105","RA1","RA1",TRUE,TRUE,"Active",TRUE,"RC2","RO198",NA,TRUE
"RA109","RA1","RA1",TRUE,TRUE,"Active",TRUE,"RC2","RO198",NA,TRUE
"RA111","RA1","RA1",TRUE,TRUE,"Active",TRUE,"RC2","RO198",NA,TRUE
"RA113","RA1","RA1",TRUE,TRUE,"Active",TRUE,"RC2","RO198",NA,TRUE
"RA116","RA1","RA1",TRUE,TRUE,"Active",TRUE,"RC2","RO198",NA,TRUE
"RA117","RA1","RA1",TRUE,TRUE,"Active",TRUE,"RC2","RO198",NA,TRUE
"RA204","RA2","RA2",TRUE,TRUE,"Active",TRUE,"RC2","RO198",NA,TRUE
"RA206","RA2","RA2",TRUE,TRUE,"Active",TRUE,"RC2","RO198",NA,TRUE
"RA212","RA2","RA2",TRUE,TRUE,"Active",TRUE,"RC2","RO198",NA,TRUE
"RA220","RA2","RA2",TRUE,TRUE,"Active",TRUE,"RC2","RO198",NA,TRUE
"RA303","RA3","RA3",TRUE,TRUE,"Active",TRUE,"RC2","RO198",NA,TRUE
"RA304","RA3","RA3",TRUE,TRUE,"Active",TRUE,"RC2","RO198",NA,TRUE
"RA312","RA3","RA3",TRUE,TRUE,"Active",TRUE,"RC2","RO198",NA,TRUE
"RA313","RA3","RA3",TRUE,TRUE,"Active",TRUE,"RC2","RO198",NA,TRUE
"RA314","RA3","RA3",TRUE,TRUE,"Active",TRUE,"RC2","RO198",NA,TRUE
"RA319","RA3","RA3",TRUE,TRUE,"Active",TRUE,"RC2","RO198",NA,TRUE
"RA501","RA5","RA5",TRUE,TRUE,"Active",TRUE,"RC2","RO198",NA,TRUE
"RA503","RA5","RA5",TRUE,TRUE,"Active",TRUE,"RC2","RO198",NA,TRUE
"RA506","RA5","RA5",TRUE,TRUE,"Active",TRUE,"RC2","RO198",NA,TRUE
"RA507","RA5","RA5",TRUE,FALSE,"Active",FALSE,"RC2","RO177",NA,TRUE
"RA511","RA5","RA5",TRUE,TRUE,"Active",TRUE,"RC2","RO198",NA,TRUE
"RA512","RA5","RA5",TRUE,TRUE,"Active",TRUE,"RC2","RO198",NA,TRUE
"RA514","RA5","RA5",TRUE,TRUE,"Active",TRUE,"RC2","RO198",NA,TRUE
"RA520","RA5","RA5",TRUE,TRUE,"Active",TRUE,"RC2","RO198",NA,TRUE
"RA703","RA7","RA7",TRUE,TRUE,"Active",TRUE,"RC2","RO198",NA,TRUE
"RA708","RA7","RA7",TRUE,TRUE,"Active",TRUE,"RC2","RO198",NA,TRUE
"RA802","RA8","RA8",TRUE,TRUE,"Active",TRUE,"RC2","RO198",NA,TRUE
"RA812","RA8","RA8",TRUE,TRUE,"Active",TRUE,"RC2","RO198",NA,TRUE
"RB003","RB0","RB0",TRUE,TRUE,"Active",TRUE,"RC2","RO198",NA,TRUE
"RB005","RB0","RB0",TRUE,TRUE,"Active",TRUE,"RC2","RO198",NA,TRUE
"RB020","RB0","RB0",TRUE,TRUE,"Active",TRUE,"RC2","RO198",NA,TRUE
"RB105","RB1","RB1",TRUE,TRUE,"Active",TRUE,"RC2","RO198",NA,TRUE
"RB106","RB1","RB1",TRUE,TRUE,"Active",TRUE,"RC2","RO198",NA,TRUE
"RB109","RB1","RB1",TRUE,TRUE,"Active",TRUE,"RC2","RO198",NA,TRUE
"RB114","RB1","RB1",TRUE,TRUE,"Active",TRUE,"RC2","RO198",NA,TRUE
"RB117","RB1","RB1",TRUE,TRUE,"Active",TRUE,"RC2","RO198",NA,TRUE
"RB212","RB2","RB2",TRUE,TRUE,"Active",TRUE,"RC2","RO198",NA,TRUE
"RB214","RB2","RB2",TRUE,TRUE,"Active",TRUE,"RC2","RO198",NA,TRUE
"RB218","RB2","RB2",TRUE,TRUE,"Active",TRUE,"RC2","RO198",NA,TRUE
"RB220","RB2","RB2",TRUE,TRUE,"Active",TRUE,"RC2","RO198",NA,TRUE
"RB517","RB5","RB5",TRUE,TRUE,"Active",TRUE,"RC2","RO198",NA,TRUE
"RB519","RB5","RB5",TRUE,TRUE,"Active",TRUE,"RC2","RO198",NA,TRUE
"RB605","RB6","RB6",TRUE,TRUE,"Active",TRUE,"RC2","RO198",NA,TRUE
"RB610","RB6","RB6",TRUE,TRUE,"Active",TRUE,"RC2","RO198",NA,TRUE
"RB801","RB8","RB8",TRUE,TRUE,"Active",TRUE,"RC2","RO198",NA,TRUE
"RB810","RB8","RB8",TRUE,TRUE,"Active",TRUE,"RC2","RO198",NA,TRUE
"RB901","RB9","RB9",TRUE,TRUE,"Active",TRUE,"RC2","RO198",NA,TRUE
"RB903","RB9","RB9",TRUE,TRUE,"Active",TRUE,"RC2","RO198",NA,TRUE
"RB905","RB9","RB9",TRUE,FALSE,"Active",FALSE,"RC2","RO177",NA,TRUE
"RB911","RB9","RB9",TRUE,TRUE,"Active",TRUE,"RC2","RO198",NA,TRUE
"RB913","RB9","RB9",TRUE,TRUE,"Active",TRUE,"RC2","RO198",NA,TRUE
"RB920","RB9","RB9",TRUE,TRUE,"Active",TRUE,"RC2","RO198",NA,TRUE
"RC001","RC0","RC0",TRUE,TRUE,"Active",TRUE,"RC2","RO198",NA,TRUE
"RC003","RC0","RC0",TRUE,TRUE,"Active",TRUE,"RC2","RO198",NA,TRUE
"RC005","RC0","RC0",TRUE,TRUE,"Active",TRUE,"RC2","RO198",NA,TRUE
"RC006","RC0","RC0",TRUE,TRUE,"Active",TRUE,"RC2","RO198",NA,TRUE
"RC007","RC0","RC0",TRUE,TRUE,"Active",TRUE,"RC2","RO198",NA,TRUE
"RC010","RC0","RC0",TRUE,TRUE,"Active",TRUE,"RC2","RO198",NA,TRUE
"RC012","RC0","RC0",TRUE,TRUE,"Active",TRUE,"RC2","RO198",NA,TRUE
"RC017","RC0","RC0",TRUE,TRUE,"Active",TRUE,"RC2","RO198",NA,TRUE
"RC205","RC2","RC2",TRUE,TRUE,"Active",TRUE,"RC2","RO198",NA,TRUE
"RC208","RC2","RC2",TRUE,TRUE,"Active",TRUE,"RC2","RO198",NA,TRUE
"RC209","RC2","RC2",TRUE,TRUE,"Active",TRUE,"RC2","RO198",NA,TRUE
"RC210","RC2","RC2",TRUE,TRUE,"Active",TRUE,"RC2","RO198",NA,TRUE
"RC212","RC2","RC2",TRUE,TRUE,"Active",TRUE,"RC2","RO198",NA,TRUE
"RC216","RC2","RC2",TRUE,TRUE,"Active",TRUE,"RC2","RO198",NA,TRUE
"RC220","RC2","RC2",TRUE,TRUE,"Active",TRUE,"RC2","RO198",NA,TRUE
"RD201","RD2","RD2",TRUE,TRUE,"Active",TRUE,"RC2","RO198",NA,TRUE
"RD204","RD2","RD2",TRUE,TRUE,"Active",TRUE,"RC2","RO198",NA,TRUE
"RD206","RD2","RD2",TRUE,TRUE,"Active",TRUE,"RC2","RO198",NA,TRUE
"RD208","RD2","RD2",TRUE,TRUE,"Active",TRUE,"RC2","RO198",NA,TRUE
"RD219","RD2","RD2",TRUE,TRUE,"Active",TRUE,"RC2","RO198",NA,TRUE
"RD305","RD3","RD3",TRUE,TRUE,"Active",TRUE,"RC2","RO198",NA,TRUE
"RD308","RD3","RD3",TRUE,TRUE,"Active",TRUE,"RC2","RO198",NA,TRUE
"RD309","RD3","RD3",TRUE,TRUE,"Active",TRUE,"RC2","RO198",NA,TRUE
"RD319","RD3","RD3",TRUE,TRUE,"Active",TRUE,"RC2","RO198",NA,TRUE
"RD503","RD5","RD5",TRUE,TRUE,"Active",TRUE,"RC2","RO198",NA,TRUE
"RD504","RD5","RD5",TRUE,TRUE,"Active",TRUE,"RC2","RO198",NA,TRUE
"RD506","RD5","RD5",TRUE,TRUE,"Active",TRUE,"RC2","RO198",NA,TRUE
"RD512","RD5","RD5",TRUE,TRUE,"Active",TRUE,"RC2","RO198",NA,TRUE
"RD519","RD5","RD5",TRUE,TRUE,"Active",TRUE,"RC2","RO198",NA,TRUE
"RD601","RD6","RD6",TRUE,TRUE,"Active",TRUE,"RC2","RO198",NA,TRUE
"RD605","RD6","RD6",TRUE,TRUE,"Active",TRUE,"RC2","RO198",NA,TRUE
"RD606","RD6","RD6",TRUE,TRUE,"Active",TRUE,"RC2","RO198",NA,TRUE
"RD608","RD6","RD6",TRUE,TRUE,"Active",TRUE,"RC2","RO198",NA,TRUE
"RD610","RD6","RD6",TRUE,TRUE,"Active",TRUE,"RC2","RO198",NA,TRUE
"RD614","RD6","RD6",TRUE,TRUE,"Active",TRUE,"RC2","RO198",NA,TRUE
"RD619","RD6","RD6",TRUE,TRUE,"Active",TRUE,"RC2","RO198",NA,TRUE
"RD620","RD6","RD6",TRUE,TRUE,"Active",TRUE,"RC2","RO198",NA,TRUE
"RD901","RD9","RD9",TRUE,TRUE,"Active",TRUE,"RC2","RO198",NA,TRUE
"RD910","RD9","RD9",TRUE,TRUE,"Active",TRUE,"RC2","RO198",NA,TRUE
"RD913","RD9","RD9",TRUE,TRUE,"Active",TRUE,"RC2","RO198",NA,TRUE
"RD915","RD9","RG9",FALSE,TRUE,"Active",TRUE,"RC2","RO198",NA,TRUE
"RD917","RD9","RD9",TRUE,TRUE,"Active",TRUE,"RC2","RO198",NA,TRUE
"RD918","RD9","RD9",TRUE,TRUE,"Active",TRUE,"RC2","RO198",NA,TRUE
"RE005","RE0","RE0",TRUE,TRUE,"Active",TRUE,"RC2","RO198",NA,TRUE
"RE007","RE0","RE0",TRUE,TRUE,"Active",TRUE,"RC2","RO198",NA,TRUE
"RE008","RE0","RE0",TRUE,TRUE,"Active",TRUE,"RC2","RO198",NA,TRUE
"RE010","RE0","RE0",TRUE,TRUE,"Active",TRUE,"RC2","RO198",NA,TRUE
"RE014","RE0","RE0",TRUE,TRUE,"Active",TRUE,"RC2","RO198",NA,TRUE
"RE017","RE0","RE0",TRUE,TRUE,"Active",TRUE,"RC2","RO198",NA,TRUE
"RE018","RE0","RE0",TRUE,TRUE,"Active",TRUE,"RC2","RO198",NA,TRUE
"RE201","RE2","RE2",TRUE,TRUE,"Active",TRUE,"RC2","RO198",NA,TRUE
"RE202","RE2","RK5",FALSE,TRUE,"Active",TRUE,"RC2","RO198",NA,TRUE
"RE204","RE2","RE2",TRUE,TRUE,"Active",TRUE,"RC2","RO198",NA,TRUE
"RE206","RE2","RE2",TRUE,TRUE,"Active",TRUE,"RC2","RO198",NA,TRUE
"RE209","RE2","RE2",TRUE,TRUE,"Active",TRUE,"RC2","RO198",NA,TRUE
"RE210","RE2","RE2",TRUE,TRUE,"Active",TRUE,"RC2","RO198",NA,TRUE
"RE211","RE2","RE2",TRUE,TRUE,"Active",TRUE,"RC2","RO198",NA,TRUE
"RE219","RE2","RE2",TRUE,TRUE,"Active",TRUE,"RC2","RO198",NA,TRUE
"RE407","RE4","RE4",TRUE,TRUE,"Active",TRUE,"RC2","RO198",NA,TRUE
"RE411","RE4","RE4",TRUE,TRUE,"Active",TRUE,"RC2","RO198",NA,TRUE
"RE415","RE4","RE4",TRUE,TRUE,"Active",TRUE,"RC2","RO198",NA,TRUE
"RE416","RE4","RE4",TRUE,TRUE,"Active",TRUE,"RC2","RO198",NA,TRUE
"RE417","RE4","RE4",TRUE,TRUE,"Active",TRUE,"RC2","RO198",NA,TRUE
"RE418","RE4","RE4",TRUE,TRUE,"Active",TRUE,"RC2","RO198",NA,TRUE
"RE514","RE5","RE5",TRUE,TRUE,"Active",TRUE,"RC2","RO198",NA,TRUE
"RE518","RE5","RE5",TRUE,TRUE,"Active",TRUE,"RC2","RO198",NA,TRUE
"RF201","RF2","RF2",TRUE,TRUE,"Active",TRUE,"RC2","RO198",NA,TRUE
"RF216","RF2","RF2",TRUE,TRUE,"Active",TRUE,"RC2","RO198",NA,TRUE
"RF220","RF2","RF2",TRUE,TRUE,"Active",TRUE,"RC2","RO198",NA,TRUE
"RF702","RF7","RF7",TRUE,TRUE,"Active",TRUE,"RC2","RO198",NA,TRUE
"RF705","RF7","RF7",TRUE,TRUE,"Active",TRUE,"RC2","RO198",NA,TRUE
"RF801","RF8","RF8",TRUE,TRUE,"Active",TRUE,"RC2","RO198",NA,TRUE
"RF808","RF8","RF8",TRUE,TRUE,"Active",TRUE,"RC2","RO198",NA,TRUE
"RG001","RG0","RG0",TRUE,TRUE,"Active",TRUE,"RC2","RO198",NA,TRUE
"RG003","RG0","RG0",TRUE,TRUE,"Active",TRUE,"RC2","RO198",NA,TRUE
"RG004","RG0","RG0",TRUE,TRUE,"Active",TRUE,"RC2","RO198",NA,TRUE
"RG010","RG0","RG0",TRUE,TRUE,"Active",TRUE,"RC2","RO198",NA,TRUE
"RG011","RG0","RG0",TRUE,TRUE,"Active",TRUE,"RC2","RO198",NA,TRUE
"RG014","RG0","RG0",TRUE,TRUE,"Active",TRUE,"RC2","RO198",NA,TRUE
"RG015","RG0","RG0",TRUE,TRUE,"Active",TRUE,"RC2","RO198",NA,TRUE
"RG020","RG0","RG0",TRUE,TRUE,"Active",TRUE,"RC2","RO198",NA,TRUE
"RG205","RG2","RG2",TRUE,TRUE,"Active",TRUE,"RC2","RO198",NA,TRUE
"RG206","RG2","RG2",TRUE,TRUE,"Active",TRUE,"RC2","RO198",NA,TRUE
"RG208","RG2","RG2",TRUE,TRUE,"Active",TRUE,"RC2","RO198",NA,TRUE
"RG217","RG2","RG2",TRUE,TRUE,"Active",TRUE,"RC2","RO198",NA,TRUE
"RG220","RG2","RG2",TRUE,TRUE,"Active",TRUE,"RC2","RO198",NA,TRUE
"RG301","RG3","RG3",TRUE,TRUE,"Active",TRUE,"RC2","RO198",NA,TRUE
"RG314","RG3","RG3",TRUE,TRUE,"Active",TRUE,"RC2","RO198",NA,TRUE
"RG319","RG3","RG3",TRUE,TRUE,"Active",TRUE,"RC2","RO198",NA,TRUE
"RG705","RG7","RG7",TRUE,TRUE,"Active",TRUE,"RC2","RO198",NA,TRUE
"RG712","RG7","RG7",TRUE,TRUE,"Active",TRUE,"RC2","RO198",NA,TRUE
"RG713","RG7","RV6",FALSE,TRUE,"Active",TRUE,"RC2","RO198",NA,TRUE
"RG717","RG7","RG7",TRUE,TRUE,"Active",TRUE,"RC2","RO198",NA,TRUE
"RG905","RG9","RG9",TRUE,TRUE,"Active",TRUE,"RC2","RO198",NA,TRUE
"RG910","RG9","RG9",TRUE,TRUE,"Active",TRUE,"RC2","RO198",NA,TRUE
"RG920","RG9","RG9",TRUE,TRUE,"Active",TRUE,"RC2","RO198",NA,TRUE
"RH004","RH0","RH0",TRUE,TRUE,"Active",TRUE,"RC2","RO198",NA,TRUE
"RH010","RH0","RH0",TRUE,TRUE,"Active",TRUE,"RC2","RO198",NA,TRUE
"RH013","RH0","RH0",TRUE,TRUE,"Active",TRUE,"RC2","RO198",NA,TRUE
"RH016","RH0","RH0",TRUE,TRUE,"Active",TRUE,"RC2","RO198",NA,TRUE
"RH020","RH0","RH0",TRUE,TRUE,"Active",TRUE,"RC2","RO198",NA,TRUE
"RH702","RH7","RH7",TRUE,TRUE,"Active",TRUE,"RC2","RO198",NA,TRUE
"RH704","RH7","RH7",TRUE,TRUE,"Active",TRUE,"RC2","RO198",NA,TRUE
"RH708","RH7","RH7",TRUE,TRUE,"Active",TRUE,"RC2","RO198",NA,TRUE
"RH711","RH7","RH7",TRUE,TRUE,"Active",TRUE,"RC2","RO198",NA,TRUE
"RH804","RH8","RH8",TRUE,TRUE,"Active",TRUE,"RC2","RO198",NA,TRUE
"RH806","RH8","RH8",TRUE,TRUE,"Active",TRUE,"RC2","RO198",NA,TRUE
"RH809","RH8","RH8",TRUE,TRUE,"Active",TRUE,"RC2","RO198",NA,TRUE
"RH811","RH8","RH8",TRUE,TRUE,"Active",TRUE,"RC2","RO198",NA,TRUE
"RH814","RH8","RH8",TRUE,TRUE,"Active",TRUE,"RC2","RO198",NA,TRUE
"RH815","RH8","RH8",TRUE,TRUE,"Active",TRUE,"RC2","RO198",NA,TRUE
"RI302","RI3","RI3",TRUE,TRUE,"Active",TRUE,"RC2","RO198",NA,TRUE
"RI305","RI3","RI3",TRUE,TRUE,"Active",TRUE,"RC2","RO198",NA,TRUE
"RI308","RI3","RI3",TRUE,TRUE,"Active",TRUE,"RC2","RO198",NA,TRUE
"RI309","RI3","RI3",TRUE,TRUE,"Active",TRUE,"RC2","RO198",NA,TRUE
"RI312","RI3","RI3",TRUE,TRUE,"Active",TRUE,"RC2","RO198",NA,TRUE
"RI320","RI3","RI3",TRUE,TRUE,"Active",TRUE,"RC2","RO198",NA,TRUE
"RI808","RI8","RI8",TRUE,TRUE,"Active",TRUE,"RC2","RO198",NA,TRUE
"RI813","RI8","RI8",TRUE,TRUE,"Active",TRUE,"RC2","RO198",NA,TRUE
"RI815","RI8","RI8",TRUE,TRUE,"Active",TRUE,"RC2","RO198",NA,TRUE
"RI816","RI8","RI8",TRUE,TRUE,"Active",TRUE,"RC2","RO198",NA,TRUE
"RI818","RI8","RI8",TRUE,TRUE,"Active",TRUE,"RC2","RO198",NA,TRUE
"RI820","RI8","RI8",TRUE,TRUE,"Active",TRUE,"RC2","RO198",NA,TRUE
"RI907","RI9","RI9",TRUE,TRUE,"Active",TRUE,"RC2","RO198",NA,TRUE
"RI908","RI9","RI9",TRUE,TRUE,"Active",TRUE,"RC2","RO198",NA,TRUE
"RI911","RI9","RI9",TRUE,TRUE,"Active",TRUE,"RC2","RO198",NA,TRUE
"RJ013","RJ0","RJ0",TRUE,TRUE,"Active",TRUE,"RC2","RO198",NA,TRUE
"RJ016","RJ0","RJ0",TRUE,TRUE,"Active",TRUE,"RC2","RO198",NA,TRUE
"RJ017","RJ0","RJ0",TRUE,TRUE,"Active",TRUE,"RC2","RO198",NA,TRUE
"RJ020","RJ0","RJ0",TRUE,TRUE,"Active",TRUE,"RC2","RO198",NA,TRUE
"RJ101","RJ1","RJ1",TRUE,TRUE,"Active",TRUE,"RC2","RO198",NA,TRUE
"RJ102","RJ1","RJ1",TRUE,TRUE,"Active",TRUE,"RC2","RO198",NA,TRUE
"RJ104","RJ1","RJ1",TRUE,TRUE,"Active",TRUE,"RC2","RO198",NA,TRUE
"RJ110","RJ1","RP5",FALSE,TRUE,"Active",TRUE,"RC2","RO198",NA,TRUE
"RJ111","RJ1","RJ1",TRUE,TRUE,"Active",TRUE,"RC2","RO198",NA,TRUE
"RJ117","RJ1","RJ1",TRUE,TRUE,"Active",TRUE,"RC2","RO198",NA,TRUE
"RJ120","RJ1","RJ1",TRUE,TRUE,"Active",TRUE,"RC2","RO198",NA,TRUE
"RJ206","RJ2","RJ2",TRUE,TRUE,"Active",TRUE,"RC2","RO198",NA,TRUE
"RJ210","RJ2","RJ2",TRUE,TRUE,"Active",TRUE,"RC2","RO198",NA,TRUE
"RJ215","RJ2","RJ2",TRUE,TRUE,"Active",TRUE,"RC2","RO198",NA,TRUE
"RJ301","RJ3","RJ3",TRUE,TRUE,"Active",TRUE,"RC2","RO198",NA,TRUE
"RJ302","RJ3","RJ3",TRUE,TRUE,"Active",TRUE,"RC2","RO198",NA,TRUE
"RJ303","RJ3","RJ3",TRUE,TRUE,"Active",TRUE,"RC2","RO198",NA,TRUE
"RJ307","RJ3","RJ3",TRUE,TRUE,"Active",TRUE,"RC2","RO198",NA,TRUE
"RJ308","RJ3","RJ3",TRUE,TRUE,"Active",TRUE,"RC2","RO198",NA,TRUE
"RJ312","RJ3","RJ3",TRUE,TRUE,"Active",TRUE,"RC2","RO198",NA,TRUE
"RJ315","RJ3","RJ3",TRUE,TRUE,"Active",TRUE,"RC2","RO198",NA,TRUE
"RJ318","RJ3","RJ3",TRUE,TRUE,"Active",TRUE,"RC2","RO198",NA,TRUE
"RJ605","RJ6","RJ6",TRUE,TRUE,"Active",TRUE,"RC2","RO198",NA,TRUE
"RJ606","RJ6","RJ6",TRUE,TRUE,"Active",TRUE,"RC2","RO198",NA,TRUE
"RJ610","RJ6","RJ6",TRUE,TRUE,"Active",TRUE,"RC2","RO198",NA,TRUE
"RJ805","RJ8","RJ8",TRUE,TRUE,"Active",TRUE,"RC2","RO198",NA,TRUE
"RJ815","RJ8","RJ8",TRUE,TRUE,"Active",TRUE,"RC2","RO198",NA,TRUE
"RJ816","RJ8","RJ8",TRUE,TRUE,"Active",TRUE,"RC2","RO198",NA,TRUE
"RJ818","RJ8","RJ8",TRUE,TRUE,"Active",TRUE,"RC2","RO198",NA,TRUE
"RJ820","RJ8","RJ8",TRUE,TRUE,"Active",TRUE,"RC2","RO198",NA,TRUE
"RK306","RK3","RK3",TRUE,TRUE,"Active",TRUE,"RC2","RO198",NA,TRUE
"RK307","RK3","RK3",TRUE,TRUE,"Active",TRUE,"RC2","RO198",NA,TRUE
"RK317","RK3","RK3",TRUE,TRUE,"Active",TRUE,"RC2","RO198",NA,TRUE
"RK318","RK3","RK3",TRUE,TRUE,"Active",TRUE,"RC2","RO198",NA,TRUE
"RK319","RK3","RK3",TRUE,TRUE,"Active",TRUE,"RC2","RO198",NA,TRUE
"RK403","RK4","RK4",TRUE,TRUE,"Active",TRUE,"RC2","RO198",NA,TRUE
"RK407","RK4","RK4",TRUE,TRUE,"Active",TRUE,"RC2","RO198",NA,TRUE
"RK408","RK4","RK4",TRUE,TRUE,"Active",TRUE,"RC2","RO198",NA,TRUE
"RK415","RK4","RK4",TRUE,TRUE,"Active",TRUE,"RC2","RO198",NA,TRUE
"RK417","RK4","RK4",TRUE,TRUE,"Active",TRUE,"RC2","RO198",NA,TRUE
"RK502","RK5","RK5",TRUE,TRUE,"Active",TRUE,"RC2","RO198",NA,TRUE
"RK504","RK5","RK5",TRUE,TRUE,"Active",TRUE,"RC2","RO198",NA,TRUE
"RK507","RK5","RK5",TRUE,TRUE,"Active",TRUE,"RC2","RO198",NA,TRUE
"RK508","RK5","RK5",TRUE,TRUE,"Active",TRUE,"RC2","RO198",NA,TRUE
"RK706","RK7","RK7",TRUE,TRUE,"Active",TRUE,"RC2","RO198",NA,TRUE
"RK708","RK7","RK7",TRUE,TRUE,"Active",TRUE,"RC2","RO198",NA,TRUE
"RK709","RK7","RK7",TRUE,TRUE,"Active",TRUE,"RC2","RO198",NA,TRUE
"RK715","RK7","RK7",TRUE,TRUE,"Active",TRUE,"RC2","RO198",NA,TRUE
"RK716","RK7","RK7",TRUE,TRUE,"Active",TRUE,"RC2","RO198",NA,TRUE
"RK719","RK7","RK7",TRUE,TRUE,"Active",TRUE,"RC2","RO198",NA,TRUE
"RK720","RK7","RK7",TRUE,TRUE,"Active",TRUE,"RC2","RO198",NA,TRUE
"RK804","RK8","RK8",TRUE,TRUE,"Active",TRUE,"RC2","RO198",NA,TRUE
"RK805","RK8","RK8",TRUE,TRUE,"Active",TRUE,"RC2","RO198",NA,TRUE
"RK806","RK8","RK8",TRUE,TRUE,"Active",TRUE,"RC2","RO198",NA,TRUE
"RK808","RK8","RK8",TRUE,TRUE,"Active",TRUE,"RC2","RO198",NA,TRUE
"RK814","RK8","RK8",TRUE,TRUE,"Active",TRUE,"RC2","RO198",NA,TRUE
"RK818","RK8","RK8",TRUE,TRUE,"Active",TRUE,"RC2","RO198",NA,TRUE
"RK819","RK8","RK8",TRUE,TRUE,"Active",TRUE,"RC2","RO198",NA,TRUE
"RK820","RK8","RK8",TRUE,FALSE,"Active",FALSE,"RC2","RO177",NA,TRUE
"RL103","RL1","RL1",TRUE,TRUE,"Active",TRUE,"RC2","RO198",NA,TRUE
"RL116","RL1","RL1",TRUE,TRUE,"Active",TRUE,"RC2","RO198",NA,TRUE
"RL303","RL3","RL3",TRUE,TRUE,"Active",TRUE,"RC2","RO198",NA,TRUE
"RL306","RL3","RL3",TRUE,TRUE,"Active",TRUE,"RC2","RO198",NA,TRUE
"RL308","RL3","RL3",TRUE,TRUE,"Active",TRUE,"RC2","RO198",NA,TRUE
"RL312","RL3","RL3",TRUE,TRUE,"Active",TRUE,"RC2","RO198",NA,TRUE
"RL313","RL3","RB2",FALSE,TRUE,"Active",TRUE,"RC2","RO198",NA,TRUE
"RL403","RL4","RL4",TRUE,TRUE,"Active",TRUE,"RC2","RO198",NA,TRUE
"RL404","RL4","RL4",TRUE,TRUE,"Active",TRUE,"RC2","RO198",NA,TRUE
"RL409","RL4","RL4",TRUE,TRUE,"Active",TRUE,"RC2","RO198",NA,TRUE
"RL411","RL4","RL4",TRUE,TRUE,"Active",TRUE,"RC2","RO198",NA,TRUE
"RL412","RL4","RL4",TRUE,TRUE,"Active",TRUE,"RC2","RO198",NA,TRUE
"RL413","RL4","RL4",TRUE,TRUE,"Active",TRUE,"RC2","RO198",NA,TRUE
"RL419","RL4","RL4",TRUE,TRUE,"Active",TRUE,"RC2","RO198",NA,TRUE
"RL420","RL4","RL4",TRUE,TRUE,"Active",TRUE,"RC2","RO198",NA,TRUE
"RL602","RL6","RL6",TRUE,TRUE,"Active",TRUE,"RC2","RO198",NA,TRUE
"RL608","RL6","RL6",TRUE,TRUE,"Active",TRUE,"RC2","RO198",NA,TRUE
"RL611","RL6","RL6",TRUE,TRUE,"Active",TRUE,"RC2","RO198",NA,TRUE
"RL619","RL6","RL6",TRUE,TRUE,"Active",TRUE,"RC2","RO198",NA,TRUE
"RL620","RL6","RL6",TRUE,TRUE,"Active",TRUE,"RC2","RO198",NA,TRUE
"RM002","RM0","RM0",TRUE,TRUE,"Active",TRUE,"RC2","RO198",NA,TRUE
"RM005","RM0","RM0",TRUE,TRUE,"Active",TRUE,"RC2","RO198",NA,TRUE
"RM008","RM0","RM0",TRUE,TRUE,"Active",TRUE,"RC2","RO198",NA,TRUE
"RM011","RM0","RM0",TRUE,TRUE,"Active",TRUE,"RC2","RO198",NA,TRUE
"RM012","RM0","RM0",TRUE,TRUE,"Active",TRUE,"RC2","RO198",NA,TRUE
"RM013","RM0","RM0",TRUE,TRUE,"Active",TRUE,"RC2","RO198",NA,TRUE
"RM015","RM0","RM0",TRUE,TRUE,"Active",TRUE,"RC2","RO198",NA,TRUE
"RM017","RM0","RM0",TRUE,TRUE,"Active",TRUE,"RC2","RO198",NA,TRUE
"RM102","RM1","RM1",TRUE,TRUE,"Active",TRUE,"RC2","RO198",NA,TRUE
"RM103","RM1","RM1",TRUE,TRUE,"Active",TRUE,"RC2","RO198",NA,TRUE
"RM105","RM1","RM1",TRUE,TRUE,"Active",TRUE,"RC2","RO198",NA,TRUE
"RM109","RM1","RM1",TRUE,TRUE,"Active",TRUE,"RC2","RO198",NA,TRUE
"RM113","RM1","RM1",TRUE,TRUE,"Active",TRUE,"RC2","RO198",NA,TRUE
"RM116","RM1","RM1",TRUE,TRUE,"Active",TRUE,"RC2","RO198",NA,TRUE
"RM118","RM1","RM1",TRUE,TRUE,"Active",TRUE,"RC2","RO198",NA,TRUE
"RM210","RM2","RM2",TRUE,FALSE,"Active",FALSE,"RC2","RO177",NA,TRUE
"RM215","RM2","RM2",TRUE,TRUE,"Active",TRUE,"RC2","RO198",NA,TRUE
"RM501","RM5","RM5",TRUE,TRUE,"Active",TRUE,"RC2","RO198",NA,TRUE
"RM502","RM5","RM5",TRUE,TRUE,"Active",TRUE,"RC2","RO198",NA,TRUE
"RM504","RM5","RM5",TRUE,TRUE,"Active",TRUE,"RC2","RO198",NA,TRUE
"RM513","RM5","RM5",TRUE,TRUE,"Active",TRUE,"RC2","RO198",NA,TRUE
"RM515","RM5","RM5",TRUE,TRUE,"Active",TRUE,"RC2","RO198",NA,TRUE
"RM516","RM5","RM5",TRUE,TRUE,"Active",TRUE,"RC2","RO198",NA,TRUE
"RM801","RM8","RM8",TRUE,TRUE,"Active",TRUE,"RC2","RO198",NA,TRUE
"RM804","RM8","RM8",TRUE,TRUE,"Active",TRUE,"RC2","RO198",NA,TRUE
"RM810","RM8","RM8",TRUE,TRUE,"Active",TRUE,"RC2","RO198",NA,TRUE
"RM812","RM8","RM8",TRUE,TRUE,"Active",TRUE,"RC2","RO198",NA,TRUE
"RM813","RM8","RM8",TRUE,TRUE,"Active",TRUE,"RC2","RO198",NA,TRUE
"RM816","RM8","RM8",TRUE,TRUE,"Active",TRUE,"RC2","RO198",NA,TRUE
"RM820","RM8","RM8",TRUE,TRUE,"Active",TRUE,"RC2","RO198",NA,TRUE
"RM904","RM9","RM9",TRUE,TRUE,"Active",TRUE,"RC2","RO198",NA,TRUE
"RM905","RM9","RM9",TRUE,TRUE,"Active",TRUE,"RC2","RO198",NA,TRUE
"RM914","RM9","RM9",TRUE,TRUE,"Active",TRUE,"RC2","RO198",NA,TRUE
"RM917","RM9","RM9",TRUE,TRUE,"Active",TRUE,"RC2","RO198",NA,TRUE
"RM918","RM9","RM9",TRUE,TRUE,"Active",TRUE,"RC2","RO198",NA,TRUE
"RM920","RM9","RM9",TRUE,TRUE,"Active",TRUE,"RC2","RO198",NA,TRUE
"RN102","RN1","RN1",TRUE,TRUE,"Active",TRUE,"RC2","RO198",NA,TRUE
"RN118","RN1","RN1",TRUE,TRUE,"Active",TRUE,"RC2","RO198",NA,TRUE
"RN205","RN2","RN2",TRUE,TRUE,"Active",TRUE,"RC2","RO198",NA,TRUE
"RN206","RN2","RN2",TRUE,TRUE,"Active",TRUE,"RC2","RO198",NA,TRUE
"RN207","RN2","RN2",TRUE,TRUE,"Active",TRUE,"RC2","RO198",NA,TRUE
"RN210","RN2","RN2",TRUE,TRUE,"Active",TRUE,"RC2","RO198",NA,TRUE
"RN212","RN2","RN2",TRUE,TRUE,"Active",TRUE,"RC2","RO198",NA,TRUE
"RN216","RN2","RN2",TRUE,TRUE,"Active",TRUE,"RC2","RO198",NA,TRUE
"RN218","RN2","RN2",TRUE,TRUE,"Active",TRUE,"RC2","RO198",NA,TRUE
"RN304","RN3","RN3",TRUE,TRUE,"Active",TRUE,"RC2","RO198",NA,TRUE
"RN310","RN3","RN3",TRUE,TRUE,"Active",TRUE,"RC2","RO198",NA,TRUE
"RN314","RN3","RN3",TRUE,TRUE,"Active",TRUE,"RC2","RO198",NA,TRUE
"RN315","RN3","RN3",TRUE,TRUE,"Active",TRUE,"RC2","RO198",NA,TRUE
"RN503","RN5","RN5",TRUE,TRUE,"Active",TRUE,"RC2","RO198",NA,TRUE
"RN509","RN5","RN5",TRUE,TRUE,"Active",TRUE,"RC2","RO198",NA,TRUE
"RN511","RN5","RN5",TRUE,TRUE,"Active",TRUE,"RC2","RO198",NA,TRUE
"RN517","RN5","RN5",TRUE,TRUE,"Active",TRUE,"RC2","RO198",NA,TRUE
"RN703","RN7","RN7",TRUE,TRUE,"Active",TRUE,"RC2","RO198",NA,TRUE
"RN705","RN7","RN7",TRUE,TRUE,"Active",TRUE,"RC2","RO198",NA,TRUE
"RO003","RO0","RO0",TRUE,TRUE,"Active",TRUE,"RC2","RO198",NA,TRUE
"RO011","RO0","RO0",TRUE,TRUE,"Active",TRUE,"RC2","RO198",NA,TRUE
"RO013","RO0","RO0",TRUE,TRUE,"Active",TRUE,"RC2","RO198",NA,TRUE
"RO015","RO0","RO0",TRUE,TRUE,"Active",TRUE,"RC2","RO198",NA,TRUE
"RO301","RO3","RO3",TRUE,TRUE,"Active",TRUE,"RC2","RO198",NA,TRUE
"RO306","RO3","RO3",TRUE,TRUE,"Active",TRUE,"RC2","RO198",NA,TRUE
"RO309","RO3","RO3",TRUE,TRUE,"Active",TRUE,"RC2","RO198",NA,TRUE
"RO320","RO3","RO3",TRUE,TRUE,"Active",TRUE,"RC2","RO198",NA,TRUE
"RO601","RO6","RO6",TRUE,TRUE,"Active",TRUE,"RC2","RO198",NA,TRUE
"RO602","RO6","RO6",TRUE,TRUE,"Active",TRUE,"RC2","RO198",NA,TRUE
"RO603","RO6","RO6",TRUE,TRUE,"Active",TRUE,"RC2","RO198",NA,TRUE
"RO607","RO6","RO6",TRUE,TRUE,"Active",TRUE,"RC2","RO198",NA,TRUE
"RO614","RO6","RO6",TRUE,TRUE,"Active",TRUE,"RC2","RO198",NA,TRUE
"RO616","RO6","RO6",TRUE,TRUE,"Active",TRUE,"RC2","RO198",NA,TRUE
"RO618","RO6","RO6",TRUE,TRUE,"Active",TRUE,"RC2","RO198",NA,TRUE
"RO619","RO6","RO6",TRUE,TRUE,"Active",TRUE,"RC2","RO198",NA,TRUE
"RO804","RO8","RO8",TRUE,TRUE,"Active",TRUE,"RC2","RO198",NA,TRUE
"RO806","RO8","RO8",TRUE,TRUE,"Active",TRUE,"RC2","RO198",NA,TRUE
"RO808","RO8","RO8",TRUE,TRUE,"Active",TRUE,"RC2","RO198",NA,TRUE
"RO809","RO8","RO8",TRUE,TRUE,"Active",TRUE,"RC2","RO198",NA,TRUE
"RO813","RO8","RO8",TRUE,TRUE,"Active",TRUE,"RC2","RO198",NA,TRUE
"RO814","RO8","RO8",TRUE,TRUE,"Active",TRUE,"RC2","RO198",NA,TRUE
"RO819","RO8","RJ2",FALSE,TRUE,"Active",TRUE,"RC2","RO198",NA,TRUE
"RO820","RO8","RO8",TRUE,TRUE,"Active",TRUE,"RC2","RO198",NA,TRUE
"RP002","RP0","RP0",TRUE,TRUE,"Active",TRUE,"RC2","RO198",NA,TRUE
"RP010","RP0","RP0",TRUE,TRUE,"Active",TRUE,"RC2","RO198",NA,TRUE
"RP011","RP0","RP0",TRUE,TRUE,"Active",TRUE,"RC2","RO198",NA,TRUE
"RP013","RP0","RP0",TRUE,TRUE,"Active",TRUE,"RC2","RO198",NA,TRUE
"RP014","RP0","RP0",TRUE,TRUE,"Active",TRUE,"RC2","RO198",NA,TRUE
"RP016","RP0","RP0",TRUE,TRUE,"Active",TRUE,"RC2","RO198",NA,TRUE
"RP018","RP0","RP0",TRUE,TRUE,"Active",TRUE,"RC2","RO198",NA,TRUE
"RP304","RP3","RP3",TRUE,TRUE,"Active",TRUE,"RC2","RO198",NA,TRUE
"RP305","RP3","RP3",TRUE,TRUE,"Active",TRUE,"RC2","RO198",NA,TRUE
"RP306","RP3","RP3",TRUE,TRUE,"Active",TRUE,"RC2","RO198",NA,TRUE
"RP307","RP3","RP3",TRUE,TRUE,"Active",TRUE,"RC2","RO198",NA,TRUE
"RP310","RP3","RP3",TRUE,TRUE,"Active",TRUE,"RC2","RO198",NA,TRUE
"RP315","RP3","RP3",TRUE,TRUE,"Active",TRUE,"RC2","RO198",NA,TRUE
"RP316","RP3","RP3",TRUE,TRUE,"Active",TRUE,"RC2","RO198",NA,TRUE
"RP410","RP4","RP4",TRUE,TRUE,"Active",TRUE,"RC2","RO198",NA,TRUE
"RP417","RP4","RP4",TRUE,TRUE,"Active",TRUE,"RC2","RO198",NA,TRUE
"RP502","RP5","RP5",TRUE,TRUE,"Active",TRUE,"RC2","RO198",NA,TRUE
"RP503","RP5","RK4",FALSE,TRUE,"Active",TRUE,"RC2","RO198",NA,TRUE
"RP504","RP5","RP5",TRUE,TRUE,"Active",TRUE,"RC2","RO198",NA,TRUE
"RP509","RP5","RP5",TRUE,TRUE,"Active",TRUE,"RC2","RO198",NA,TRUE
"RP510","RP5","RP5",TRUE,TRUE,"Active",TRUE,"RC2","RO198",NA,TRUE
"RP511","RP5","RP5",TRUE,TRUE,"Active",TRUE,"RC2","RO198",NA,TRUE
"RP512","RP5","RP5",TRUE,TRUE,"Active",TRUE,"RC2","RO198",NA,TRUE
"RP513","RP5","RP5",TRUE,FALSE,"Active",FALSE,"RC2","RO177",NA,TRUE
"RQ005","RQ0","RQ0",TRUE,TRUE,"Active",TRUE,"RC2","RO198",NA,TRUE
"RQ007","RQ0","RQ0",TRUE,TRUE,"Active",TRUE,"RC2","RO198",NA,TRUE
"RQ008","RQ0","RQ0",TRUE,TRUE,"Active",TRUE,"RC2","RO198",NA,TRUE
"RQ015","RQ0","RQ0",TRUE,TRUE,"Active",TRUE,"RC2","RO198",NA,TRUE
"RQ019","RQ0","RQ0",TRUE,TRUE,"Active",TRUE,"RC2","RO198",NA,TRUE
"RQ020","RQ0","RQ0",TRUE,TRUE,"Active",TRUE,"RC2","RO198",NA,TRUE
"RQ302","RQ3","RQ3",TRUE,TRUE,"Active",TRUE,"RC2","RO198",NA,TRUE
"RQ303","RQ3","RQ3",TRUE,TRUE,"Active",TRUE,"RC2","RO198",NA,TRUE
"RQ304","RQ3","RQ3",TRUE,TRUE,"Active",TRUE,"RC2","RO198",NA,TRUE
"RQ305","RQ3","RQ3",TRUE,TRUE,"Active",TRUE,"RC2","RO198",NA,TRUE
"RQ306","RQ3","RQ3",TRUE,TRUE,"Active",TRUE,"RC2","RO198",NA,TRUE
"RQ308","RQ3","RQ3",TRUE,TRUE,"Active",TRUE,"RC2","RO198",NA,TRUE
"RQ309","RQ3","RQ3",TRUE,TRUE,"Active",TRUE,"RC2","RO198",NA,TRUE
"RQ318","RQ3","RQ3",TRUE,TRUE,"Active",TRUE,"RC2","RO198",NA,TRUE
"RQ501","RQ5","RQ5",TRUE,TRUE,"Active",TRUE,"RC2","RO198",NA,TRUE
"RQ503","RQ5","RQ5",TRUE,TRUE,"Active",TRUE,"RC2","RO198",NA,TRUE
"RQ504","RQ5","RQ5",TRUE,TRUE,"Active",TRUE,"RC2","RO198",NA,TRUE
"RQ505","RQ5","RQ5",TRUE,TRUE,"Active",TRUE,"RC2","RO198",NA,TRUE
"RQ508","RQ5","RQ5",TRUE,TRUE,"Active",TRUE,"RC2","RO198",NA,TRUE
"RQ510","RQ5","RQ5",TRUE,TRUE,"Active",TRUE,"RC2","RO198",NA,TRUE
"RQ516","RQ5","RQ5",TRUE,TRUE,"Active",TRUE,"RC2","RO198",NA,TRUE
"RQ701","RQ7","RQ7",TRUE,TRUE,"Active",TRUE,"RC2","RO198",NA,TRUE
"RQ702","RQ7","RQ7",TRUE,TRUE,"Active",TRUE,"RC2","RO198",NA,TRUE
"RQ706","RQ7","RQ7",TRUE,TRUE,"Active",TRUE,"RC2","RO198",NA,TRUE
"RQ714","RQ7","RQ7",TRUE,TRUE,"Active",TRUE,"RC2","RO198",NA,TRUE
"RQ718","RQ7","RQ7",TRUE,TRUE,"Active",TRUE,"RC2","RO198",NA,TRUE
"RQ719","RQ7","RQ7",TRUE,TRUE,"Active",TRUE,"RC2","RO198",NA,TRUE
"RQ902","RQ9","RQ9",TRUE,TRUE,"Active",TRUE,"RC2","RO198",NA,TRUE
"RQ907","RQ9","RQ9",TRUE,TRUE,"Active",TRUE,"RC2","RO198",NA,TRUE
"RQ910","RQ9","RQ9",TRUE,TRUE,"Active",TRUE,"RC2","RO198",NA,TRUE
"RQ918","RQ9","RQ9",TRUE,TRUE,"Active",TRUE,"RC2","RO198",NA,TRUE
"RR002","RR0","RR0",TRUE,TRUE,"Active",TRUE,"RC2","RO198",NA,TRUE
"RR013","RR0","RR0",TRUE,TRUE,"Active",TRUE,"RC2","RO198",NA,TRUE
"RR017","RR0","RR0",TRUE,TRUE,"Active",TRUE,"RC2","RO198",NA,TRUE
"RR101","RR1","RR1",TRUE,TRUE,"Active",TRUE,"RC2","RO198",NA,TRUE
"RR103","RR1","RR1",TRUE,TRUE,"Active",TRUE,"RC2","RO198",NA,TRUE
"RR109","RR1","RR1",TRUE,TRUE,"Active",TRUE,"RC2","RO198",NA,TRUE
"RR115","RR1","RR1",TRUE,TRUE,"Active",TRUE,"RC2","RO198",NA,TRUE
"RR119","RR1","RR1",TRUE,TRUE,"Active",TRUE,"RC2","RO198",NA,TRUE
"RR501","RR5","RR5",TRUE,TRUE,"Active",TRUE,"RC2","RO198",NA,TRUE
"RR502","RR5","RR5",TRUE,TRUE,"Active",TRUE,"RC2","RO198",NA,TRUE
"RR507","RR5","RR5",TRUE,TRUE,"Active",TRUE,"RC2","RO198",NA,TRUE
"RR513","RR5","RR5",TRUE,TRUE,"Active",TRUE,"RC2","RO198",NA,TRUE
"RR517","RR5","RR5",TRUE,TRUE,"Active",TRUE,"RC2","RO198",NA,TRUE
"RR806","RR8","RR8",TRUE,TRUE,"Active",TRUE,"RC2","RO198",NA,TRUE
"RR807","RR8","RR8",TRUE,TRUE,"Active",TRUE,"RC2","RO198",NA,TRUE
"RR810","RR8","RR8",TRUE,TRUE,"Active",TRUE,"RC2","RO198",NA,TRUE
"RR813","RR8","RR8",TRUE,TRUE,"Active",TRUE,"RC2","RO198",NA,TRUE
"RS001","RS0","RS0",TRUE,TRUE,"Active",TRUE,"RC2","RO198",NA,TRUE
"RS002","RS0","RS0",TRUE,TRUE,"Active",TRUE,"RC2","RO198",NA,TRUE
"RS007","RS0","RS0",TRUE,TRUE,"Active",TRUE,"RC2","RO198",NA,TRUE
"RS008","RS0","RS0",TRUE,TRUE,"Active",TRUE,"RC2","RO198",NA,TRUE
"RS010","RS0","RS0",TRUE,TRUE,"Active",TRUE,"RC2","RO198",NA,TRUE
"RS011","RS0","RS0",TRUE,TRUE,"Active",TRUE,"RC2","RO198",NA,TRUE
"RS014","RS0","RS0",TRUE,TRUE,"Active",TRUE,"RC2","RO198",NA,TRUE
"RS020","RS0","RS0",TRUE,TRUE,"Active",TRUE,"RC2","RO198",NA,TRUE
"RS106","RS1","RS1",TRUE,TRUE,"Active",TRUE,"RC2","RO198",NA,TRUE
"RS107","RS1","RS1",TRUE,TRUE,"Active",TRUE,"RC2","RO198",NA,TRUE
"RS110","RS1","RS1",TRUE,TRUE,"Active",TRUE,"RC2","RO198",NA,TRUE
"RS115","RS1","RS1",TRUE,TRUE,"Active",TRUE,"RC2","RO198",NA,TRUE
"RS116","RS1","RS1",TRUE,TRUE,"Active",TRUE,"RC2","RO198",NA,TRUE
"RS118","RS1","RS1",TRUE,TRUE,"Active",TRUE,"RC2","RO198",NA,TRUE
"RS119","RS1","RS1",TRUE,TRUE,"Active",TRUE,"RC2","RO198",NA,TRUE
"RS120","RS1","RS1",TRUE,TRUE,"Active",TRUE,"RC2","RO198",NA,TRUE
"RS202","RS2","RS2",TRUE,TRUE,"Active",TRUE,"RC2","RO198",NA,TRUE
"RS209","RS2","RS2",TRUE,TRUE,"Active",TRUE,"RC2","RO198",NA,TRUE
"RS214","RS2","RS2",TRUE,TRUE,"Active",TRUE,"RC2","RO198",NA,TRUE
"RS215","RS2","RS2",TRUE,TRUE,"Active",TRUE,"RC2","RO198",NA,TRUE
"RS407","RS4","RS4",TRUE,TRUE,"Active",TRUE,"RC2","RO198",NA,TRUE
"RS408","RS4","RS4",TRUE,TRUE,"Active",TRUE,"RC2","RO198",NA,TRUE
"RS413","RS4","RS4",TRUE,TRUE,"Active",TRUE,"RC2","RO198",NA,TRUE
"RS414","RS4","RS4",TRUE,TRUE,"Active",TRUE,"RC2","RO198",NA,TRUE
"RS417","RS4","RS4",TRUE,TRUE,"Active",TRUE,"RC2","RO198",NA,TRUE
"RS419","RS4","RS4",TRUE,TRUE,"Active",TRUE,"RC2","RO198",NA,TRUE
"RS507","RS5","RS5",TRUE,TRUE,"Active",TRUE,"RC2","RO198",NA,TRUE
"RS508","RS5","RS5",TRUE,TRUE,"Active",TRUE,"RC2","RO198",NA,TRUE
"RS702","RS7","RS7",TRUE,TRUE,"Active",TRUE,"RC2","RO198",NA,TRUE
"RS714","RS7","RS7",TRUE,TRUE,"Active",TRUE,"RC2","RO198",NA,TRUE
"RS716","RS7","RS7",TRUE,TRUE,"Active",TRUE,"RC2","RO198",NA,TRUE
"RS801","RS8","RS8",TRUE,TRUE,"Active",TRUE,"RC2","RO198",NA,TRUE
"RS802","RS8","RS8",TRUE,TRUE,"Active",TRUE,"RC2","RO198",NA,TRUE
"RS808","RS8","RS8",TRUE,TRUE,"Active",TRUE,"RC2","RO198",NA,TRUE
"RS811","RS8","RS8",TRUE,TRUE,"Active",TRUE,"RC2","RO198",NA,TRUE
"RS818","RS8","RS8",TRUE,TRUE,"Active",TRUE,"RC2","RO198",NA,TRUE
"RS902","RS9","RS9",TRUE,TRUE,"Active",TRUE,"RC2","RO198",NA,TRUE
"RS903","RS9","RS9",TRUE,TRUE,"Active",TRUE,"RC2","RO198",NA,TRUE
"RS904","RS9","RS9",TRUE,TRUE,"Active",TRUE,"RC2","RO198",NA,TRUE
"RS913","RS9","RS9",TRUE,TRUE,"Active",TRUE,"RC2","RO198",NA,TRUE
"RS916","RS9","RS9",TRUE,TRUE,"Active",TRUE,"RC2","RO198",NA,TRUE
"RS917","RS9","RS9",TRUE,TRUE,"Active",TRUE,"RC2","RO198",NA,TRUE
"RT301","RT3","RT3",TRUE,TRUE,"Active",TRUE,"RC2","RO198",NA,TRUE
"RT307","RT3","RT3",TRUE,TRUE,"Active",TRUE,"RC2","RO198",NA,TRUE
"RT308","RT3","RT3",TRUE,TRUE,"Active",TRUE,"RC2","RO198",NA,TRUE
"RT311","RT3","RT3",TRUE,TRUE,"Active",TRUE,"RC2","RO198",NA,TRUE
"RT312","RT3","RT3",TRUE,TRUE,"Active",TRUE,"RC2","RO198",NA,TRUE
"RT313","RT3","RT3",TRUE,TRUE,"Active",TRUE,"RC2","RO198",NA,TRUE
"RT314","RT3","RT3",TRUE,TRUE,"Active",TRUE,"RC2","RO198",NA,TRUE
"RT317","RT3","RT3",TRUE,TRUE,"Active",TRUE,"RC2","RO198",NA,TRUE
"RT408","RT4","RT4",TRUE,TRUE,"Active",TRUE,"RC2","RO198",NA,TRUE
"RT410","RT4","RT4",TRUE,TRUE,"Active",TRUE,"RC2","RO198",NA,TRUE
"RT417","RT4","RT4",TRUE,TRUE,"Active",TRUE,"RC2","RO198",NA,TRUE
"RT509","RT5","RT5",TRUE,TRUE,"Active",TRUE,"RC2","RO198",NA,TRUE
"RT514","RT5","RT5",TRUE,TRUE,"Active",TRUE,"RC2","RO198",NA,TRUE
"RT602","RT6","RT6",TRUE,TRUE,"Active",TRUE,"RC2","RO198",NA,TRUE
"RT603","RT6","RT6",TRUE,TRUE,"Active",TRUE,"RC2","RO198",NA,TRUE
"RT604","RT6","RT6",TRUE,TRUE,"Active",TRUE,"RC2","RO198",NA,TRUE
"RT611","RT6","RT6",TRUE,TRUE,"Active",TRUE,"RC2","RO198",NA,TRUE
"RT617","RT6","RT6",TRUE,TRUE,"Active",TRUE,"RC2","RO198",NA,TRUE
"RT619","RT6","RT6",TRUE,TRUE,"Active",TRUE,"RC2","RO198",NA,TRUE
"RT701","RT7","RT7",TRUE,TRUE,"Active",TRUE,"RC2","RO198",NA,TRUE
"RT704","RT7","RT7",TRUE,TRUE,"Active",TRUE,"RC2","RO198",NA,TRUE
"RT707","RT7","RT7",TRUE,TRUE,"Active",TRUE,"RC2","RO198",NA,TRUE
"RT711","RT7","RT7",TRUE,TRUE,"Active",TRUE,"RC2","RO198",NA,TRUE
"RT714","RT7","RT7",TRUE,TRUE,"Active",TRUE,"RC2","RO198",NA,TRUE
"RT715","RT7","RT7",TRUE,TRUE,"Active",TRUE,"RC2","RO198",NA,TRUE
"RT716","RT7","RT7",TRUE,TRUE,"Active",TRUE,"RC2","RO198",NA,TRUE
"RT806","RT8","RT8",TRUE,TRUE,"Active",TRUE,"RC2","RO198",NA,TRUE
"RT810","RT8","RT8",TRUE,TRUE,"Active",TRUE,"RC2","RO198",NA,TRUE
"RT811","RT8","RT8",TRUE,TRUE,"Active",TRUE,"RC2","RO198",NA,TRUE
"RU102","RU1","RU1",TRUE,TRUE,"Active",TRUE,"RC2","RO198",NA,TRUE
"RU107","RU1","RU1",TRUE,TRUE,"Active",TRUE,"RC2","RO198",NA,TRUE
"RU108","RU1","RU1",TRUE,TRUE,"Active",TRUE,"RC2","RO198",NA,TRUE
"RU110","RU1","RU1",TRUE,TRUE,"Active",TRUE,"RC2","RO198",NA,TRUE
"RU112","RU1","RU1",TRUE,TRUE,"Active",TRUE,"RC2","RO198",NA,TRUE
"RU115","RU1","RU1",TRUE,TRUE,"Active",TRUE,"RC2","RO198",NA,TRUE
"RU205","RU2","RU2",TRUE,TRUE,"Active",TRUE,"RC2","RO198",NA,TRUE
"RU206","RU2","RU2",TRUE,TRUE,"Active",TRUE,"RC2","RO198",NA,TRUE
"RU210","RU2","RU2",TRUE,TRUE,"Active",TRUE,"RC2","RO198",NA,TRUE
"RU214","RU2","RU2",TRUE,TRUE,"Active",TRUE,"RC2","RO198",NA,TRUE
"RU306","RU3","RU3",TRUE,TRUE,"Active",TRUE,"RC2","RO198",NA,TRUE
"RU307","RU3","RU3",TRUE,TRUE,"Active",TRUE,"RC2","RO198",NA,TRUE
"RU311","RU3","RU3",TRUE,TRUE,"Active",TRUE,"RC2","RO198",NA,TRUE
"RU312","RU3","RU3",TRUE,TRUE,"Active",TRUE,"RC2","RO198",NA,TRUE
"RU313","RU3","RU3",TRUE,FALSE,"Active",FALSE,"RC2","RO177",NA,TRUE
"RU316","RU3","RU3",TRUE,TRUE,"Active",TRUE,"RC2","RO198",NA,TRUE
"RU318","RU3","RU3",TRUE,TRUE,"Active",TRUE,"RC2","RO198",NA,TRUE
"RU319","RU3","RU3",TRUE,TRUE,"Active",TRUE,"RC2","RO198",NA,TRUE
"RU401","RU4","RU4",TRUE,TRUE,"Active",TRUE,"RC2","RO198",NA,TRUE
"RU409","RU4","RU4",TRUE,TRUE,"Active",TRUE,"RC2","RO198",NA,TRUE
"RU410","RU4","RU4",TRUE,TRUE,"Active",TRUE,"RC2","RO198",NA,TRUE
"RU412","RU4","RU4",TRUE,TRUE,"Active",TRUE,"RC2","RO198",NA,TRUE
"RU415","RU4","RU4",TRUE,TRUE,"Active",TRUE,"RC2","RO198",NA,TRUE
"RU416","RU4","RU4",TRUE,TRUE,"Active",TRUE,"RC2","RO198",NA,TRUE
"RU418","RU4","RU4",TRUE,TRUE,"Active",TRUE,"RC2","RO198",NA,TRUE
"RU419","RU4","RU4",TRUE,TRUE,"Active",TRUE,"RC2","RO198",NA,TRUE
"RU504","RU5","RU5",TRUE,TRUE,"Active",TRUE,"RC2","RO198",NA,TRUE
"RU505","RU5","RU5",TRUE,TRUE,"Active",TRUE,"RC2","RO198",NA,TRUE
"RU510","RU5","RU5",TRUE,TRUE,"Active",TRUE,"RC2","RO198",NA,TRUE
"RU512","RU5","RU5",TRUE,TRUE,"Active",TRUE,"RC2","RO198",NA,TRUE
"RU517","RU5","RU5",TRUE,TRUE,"Active",TRUE,"RC2","RO198",NA,TRUE
"RU518","RU5","RU5",TRUE,TRUE,"Active",TRUE,"RC2","RO198",NA,TRUE
"RU519","RU5","RU5",TRUE,TRUE,"Active",TRUE,"RC2","RO198",NA,TRUE
"RV110","RV1","RV1",TRUE,TRUE,"Active",TRUE,"RC2","RO198",NA,TRUE
"RV117","RV1","RV1",TRUE,TRUE,"Active",TRUE,"RC2","RO198",NA,TRUE
"RV301","RV3","RV3",TRUE,TRUE,"Active",TRUE,"RC2","RO198",NA,TRUE
"RV302","RV3","RV3",TRUE,TRUE,"Active",TRUE,"RC2","RO198",NA,TRUE
"RV304","RV3","RV3",TRUE,TRUE,"Active",TRUE,"RC2","RO198",NA,TRUE
"RV307","RV3","RV3",TRUE,TRUE,"Active",TRUE,"RC2","RO198",NA,TRUE
"RV310","RV3","RV3",TRUE,TRUE,"Active",TRUE,"RC2","RO198",NA,TRUE
"RV311","RV3","RV3",TRUE,TRUE,"Active",TRUE,"RC2","RO198",NA,TRUE
"RV313","RV3","RV3",TRUE,TRUE,"Active",TRUE,"RC2","RO198",NA,TRUE
"RV315","RV3","RV3",TRUE,TRUE,"Active",TRUE,"RC2","RO198",NA,TRUE
"RV501","RV5","RV5",TRUE,TRUE,"Active",TRUE,"RC2","RO198",NA,TRUE
"RV503","RV5","RV5",TRUE,TRUE,"Active",TRUE,"RC2","RO198",NA,TRUE
"RV509","RV5","RV5",TRUE,TRUE,"Active",TRUE,"RC2","RO198",NA,TRUE
"RV511","RV5","RV5",TRUE,TRUE,"Active",TRUE,"RC2","RO198",NA,TRUE
"RV515","RV5","RV5",TRUE,TRUE,"Active",TRUE,"RC2","RO198",NA,TRUE
"RV602","RV6","RV6",TRUE,TRUE,"Active",TRUE,"RC2","RO198",NA,TRUE
"RV604","RV6","RV6",TRUE,TRUE,"Active",TRUE,"RC2","RO198",NA,TRUE
"RV612","RV6","RV6",TRUE,TRUE,"Active",TRUE,"RC2","RO198",NA,TRUE
"RV614","RV6","RV6",TRUE,TRUE,"Active",TRUE,"RC2","RO198",NA,TRUE
"RV804","RV8","RV8",TRUE,TRUE,"Active",TRUE,"RC2","RO198",NA,TRUE
"RV805","RV8","RV8",TRUE,TRUE,"Active",TRUE,"RC2","RO198",NA,TRUE
"RV806","RV8","RV8",TRUE,TRUE,"Active",TRUE,"RC2","RO198",NA,TRUE
"RV817","RV8","RV8",TRUE,TRUE,"Active",TRUE,"RC2","RO198",NA,TRUE
"RV818","RV8","RV8",TRUE,TRUE,"Active",TRUE,"RC2","RO198",NA,TRUE
"RV820","RV8","RV8",TRUE,TRUE,"Active",TRUE,"RC2","RO198",NA,TRUE
"RW305","RW3","RW3",TRUE,TRUE,"Active",TRUE,"RC2","RO198",NA,TRUE
"RW306","RW3","RW3",TRUE,TRUE,"Active",TRUE,"RC2","RO198",NA,TRUE
"RW313","RW3","RW3",TRUE,TRUE,"Active",TRUE,"RC2","RO198",NA,TRUE
"RW314","RW3","RW3",TRUE,TRUE,"Active",TRUE,"RC2","RO198",NA,TRUE
"RW315","RW3","RW3",TRUE,TRUE,"Active",TRUE,"RC2","RO198",NA,TRUE
"RW317","RW3","RB8",FALSE,TRUE,"Active",TRUE,"RC2","RO198",NA,TRUE
"RW318","RW3","RW3",TRUE,TRUE,"Active",TRUE,"RC2","RO198",NA,TRUE
"RW319","RW3","RW3",TRUE,TRUE,"Active",TRUE,"RC2","RO198",NA,TRUE
"RW901","RW9","RW9",TRUE,TRUE,"Active",TRUE,"RC2","RO198",NA,TRUE
"RW908","RW9","RW9",TRUE,TRUE,"Active",TRUE,"RC2","RO198",NA,TRUE
"RW915","RW9","RL1",FALSE,TRUE,"Active",TRUE,"RC2","RO198",NA,TRUE
"RW920","RW9","RW9",TRUE,TRUE,"Active",TRUE,"RC2","RO198",NA,TRUE
"RX103","RX1","RX1",TRUE,TRUE,"Active",TRUE,"RC2","RO198",NA,TRUE
"RX112","RX1","RX1",TRUE,TRUE,"Active",TRUE,"RC2","RO198",NA,TRUE
"RX114","RX1","RX1",TRUE,TRUE,"Active",TRUE,"RC2","RO198",NA,TRUE
"RX301","RX3","RM2",FALSE,TRUE,"Active",TRUE,"RC2","RO198",NA,TRUE
"RX308","RX3","RX3",TRUE,TRUE,"Active",TRUE,"RC2","RO198",NA,TRUE
"RX311","RX3","RX3",TRUE,TRUE,"Active",TRUE,"RC2","RO198",NA,TRUE
"RX312","RX3","RX3",TRUE,TRUE,"Active",TRUE,"RC2","RO198",NA,TRUE
"RX315","RX3","RX3",TRUE,TRUE,"Active",TRUE,"RC2","RO198",NA,TRUE
"RY005","RY0","RY0",TRUE,TRUE,"Active",TRUE,"RC2","RO198",NA,TRUE
"RY006","RY0","RY0",TRUE,TRUE,"Active",TRUE,"RC2","RO198",NA,TRUE
"RY008","RY0","RY0",TRUE,TRUE,"Active",TRUE,"RC2","RO198",NA,TRUE
"RY009","RY0","RY0",TRUE,TRUE,"Active",TRUE,"RC2","RO198",NA,TRUE
"RY012","RY0","RY0",TRUE,TRUE,"Active",TRUE,"RC2","RO198",NA,TRUE
"RY013","RY0","RY0",TRUE,TRUE,"Active",TRUE,"RC2","RO198",NA,TRUE
"RY019","RY0","RY0",TRUE,TRUE,"Active",TRUE,"RC2","RO198",NA,TRUE
"RY020","RY0","RY0",TRUE,TRUE,"Active",TRUE,"RC2","RO198",NA,TRUE
"RY206","RY2","RY2",TRUE,TRUE,"Active",TRUE,"RC2","RO198",NA,TRUE
"RY208","RY2","RY2",TRUE,TRUE,"Active",TRUE,"RC2","RO198",NA,TRUE
"RY210","RY2","RY2",TRUE,TRUE,"Active",TRUE,"RC2","RO198",NA,TRUE
"RY211","RY2","RY2",TRUE,TRUE,"Active",TRUE,"RC2","RO198",NA,TRUE
"RY213","RY2","RY2",TRUE,TRUE,"Active",TRUE,"RC2","RO198",NA,TRUE
"RY214","RY2","RY2",TRUE,TRUE,"Active",TRUE,"RC2","RO198",NA,TRUE
"RY217","RY2","RY2",TRUE,TRUE,"Active",TRUE,"RC2","RO198",NA,TRUE
"RY220","RY2","RY2",TRUE,TRUE,"Active",TRUE,"RC2","RO198",NA,TRUE
"RY301","RY3","RY3",TRUE,TRUE,"Active",TRUE,"RC2","RO198",NA,TRUE
"RY303","RY3","RY3",TRUE,TRUE,"Active",TRUE,"RC2","RO198",NA,TRUE
"RY308","RY3","RY3",TRUE,TRUE,"Active",TRUE,"RC2","RO198",NA,TRUE
"RY601","RY6","RY6",TRUE,TRUE,"Active",TRUE,"RC2","RO198",NA,TRUE
"RY604","RY6","RY6",TRUE,TRUE,"Active",TRUE,"RC2","RO198",NA,TRUE
"RY605","RY6","RY6",TRUE,TRUE,"Active",TRUE,"RC2","RO198",NA,TRUE
"RY606","RY6","RY6",TRUE,TRUE,"Active",TRUE,"RC2","RO198",NA,TRUE
"RY608","RY6","RY6",TRUE,TRUE,"Active",TRUE,"RC2","RO198",NA,TRUE
"RY610","RY6","RY6",TRUE,TRUE,"Active",TRUE,"RC2","RO198",NA,TRUE
"RY619","RY6","RY6",TRUE,TRUE,"Active",TRUE,"RC2","RO198",NA,TRUE
"RY620","RY6","RY6",TRUE,TRUE,"Active",TRUE,"RC2","RO198",NA,TRUE
"RY905","RY9","RY9",TRUE,TRUE,"Active",TRUE,"RC2","RO198",NA,TRUE
"RY906","RY9","RN1",FALSE,TRUE,"Active",TRUE,"RC2","RO198",NA,TRUE
"RY911","RY9","RY9",TRUE,TRUE,"Active",TRUE,"RC2","RO198",NA,TRUE
"RY912","RY9","RY9",TRUE,TRUE,"Active",TRUE,"RC2","RO198",NA,TRUE
"RY915","RY9","RY9",TRUE,TRUE,"Active",TRUE,"RC2","RO198",NA,TRUE
"RY917","RY9","RY9",TRUE,TRUE,"Active",TRUE,"RC2","RO198",NA,TRUE
"RY920","RY9","RY9",TRUE,TRUE,"Active",TRUE,"RC2","RO198",NA,TRUE
"RZ005","RZ0","RZ0",TRUE,TRUE,"Active",TRUE,"RC2","RO198",NA,TRUE
"RZ007","RZ0","RZ0",TRUE,TRUE,"Active",TRUE,"RC2","RO198",NA,TRUE
"RZ012","RZ0","RZ0",TRUE,TRUE,"Active",TRUE,"RC2","RO198",NA,TRUE
"RZ014","RZ0","RZ0",TRUE,TRUE,"Active",TRUE,"RC2","RO198",NA,TRUE
"RZ017","RZ0","RZ0",TRUE,TRUE,"Active",TRUE,"RC2","RO198",NA,TRUE
"RZ019","RZ0","RZ0",TRUE,TRUE,"Active",TRUE,"RC2","RO198",NA,TRUE
"RZ102","RZ1","RZ1",TRUE,TRUE,"Active",TRUE,"RC2","RO198",NA,TRUE
"RZ103","RZ1","RZ1",TRUE,TRUE,"Active",TRUE,"RC2","RO198",NA,TRUE
"RZ202","RZ2","RZ2",TRUE,TRUE,"Active",TRUE,"RC2","RO198",NA,TRUE
"RZ203","RZ2","RZ2",TRUE,TRUE,"Active",TRUE,"RC2","RO198",NA,TRUE
"RZ208","RZ2","RZ2",TRUE,TRUE,"Active",TRUE,"RC2","RO198",NA,TRUE
"RZ209","RZ2","RZ2",TRUE,TRUE,"Active",TRUE,"RC2","RO198",NA,TRUE
"RZ210","RZ2","RZ2",TRUE,TRUE,"Active",TRUE,"RC2","RO198",NA,TRUE
"RZ214","RZ2","RZ2",TRUE,TRUE,"Active",TRUE,"RC2","RO198",NA,TRUE
"RZ215","RZ2","RM2",FALSE,TRUE,"Active",TRUE,"RC2","RO198",NA,TRUE
"RZ217","RZ2","RZ2",TRUE,TRUE,"Active",TRUE,"RC2","RO198",NA,TRUE
"RZ504","RZ5","RZ5",TRUE,TRUE,"Active",TRUE,"RC2","RO198",NA,TRUE
"RZ519","RZ5","RZ5",TRUE,TRUE,"Active",TRUE,"RC2","RO198",NA,TRUE
"RZ610","RZ6","RZ6",TRUE,TRUE,"Active",TRUE,"RC2","RO198",NA,TRUE
"RZ618","RZ6","RZ6",TRUE,TRUE,"Active",TRUE,"RC2","RO198",NA,TRUE
"RZ801","RZ8","RZ8",TRUE,TRUE,"Active",TRUE,"RC2","RO198",NA,TRUE
"RZ802","RZ8","RZ8",TRUE,TRUE,"Active",TRUE,"RC2","RO198",NA,TRUE
"RZ815","RZ8","RZ8",TRUE,TRUE,"Active",TRUE,"RC2","RO198",NA,TRUE
